country,1953,1954,1955,1956,1957,1958,1959,1960,1961,1962,1963,1964,1965,1966,1967,1968,1969,1970,1971,1972,1973,1974,1975,1976,1977,1978,1979,1980,1981,1982,1983,1984,1985,1986,1987,1988,1989,1990,1991,1992,1993,1994,1995,1996,1997,1998,1999,2000,2001,2002,2003,2004,2005,2006,2007,2008,2009,2010,2011,2012,2013,2014,2015,2016,2017,2018,2019
Afghanistan,,,,,,,,,,,,,,,,,,,,,,,,,,,,,,,,,,,,,,11.5,11.4,11.4,11.5,11.5,11.4,11.4,11.4,11.3,11.3,11.4,11.4,11.4,11.6,11.7,11.7,11.8,11.9,12.1,12.1,12.2,12.4,12.5,12.6,12.8,12.9,13,13.2,13.4,13.5
Angola,,,,,,,,,,,,,,,,,,,,,,,,,,,,,,,,,,,,,,23.4,23.6,23.9,24.2,24.4,24.4,24.6,24.9,25.4,25.8,26.1,26.3,26.4,26.8,27.4,27.5,27.8,27.7,27.8,28.1,28.5,29.1,29.6,29.9,29.9,30.4,30.6,31,31.8,32.1
Albania,,,,,,,,,,,,,,,,,,,,,,,,,,,,,,,,,,,,,,24.8,24.9,24.9,25.1,24.8,25.4,26.6,27.1,27.1,27.9,28.3,28,29,30,30.6,30.6,30.1,30.2,31.1,31.7,32.2,32.6,32.9,33.3,34.5,36.4,37,37.5,37.9,38.3
Andorra,,,,,,,,,,,,,,,,,,,,,,,,,,,,,,,,,,,,,,53.6,55.1,56.9,59,60.6,61.2,62.5,64.5,66.8,68.7,69.7,70.3,71.1,72.4,73.7,74.1,74.3,74.5,75,75.6,75.8,76.2,76,76.2,76.2,75.7,75.8,75.7,75.4,75.1
UAE,,,,,,,,,,,,,,,,,,,,,,,,,,,,,,,,,,,,,,17,18,18.7,19.4,20.8,21.6,22.4,21.5,21.8,22.4,24.3,25.3,26,26.1,26.4,26.9,26.9,24.5,23.8,23.3,22.8,23.1,23.2,23.3,23.3,23.3,23.4,23.5,23.9,24.2
Argentina,,,,,,,,,,,,,,,,,,,,,,,,,,,,,,,,,,,,,,35.3,36.1,37.6,38.5,39.8,41,42.9,45.1,47.1,48.3,48.6,49.3,50,50.4,50.4,51,51.2,51.5,50.4,49.6,49.2,49,48.7,48,46.9,47.3,48.1,48.8,49.2,49.8
Armenia,,,,,,,,,,,,,,,,,,,,,,,,,,,,,,,,,,,,,,14.5,14.5,15.1,16.1,16.7,16.7,17.3,17.4,18.1,19.2,20.1,20.6,21.1,22,22.6,23.7,24.5,24.7,25.2,26.2,27.4,28.4,28.6,28.7,29.9,31.2,31.6,31.8,32.1,32.3
American Samoa,,,,,,,,,,,,,,,,,,,,,,,,,,,,,,,,,,,,,,54.2,53.5,52.7,53.1,54.3,55,55.6,55.9,56,55.4,57.7,59.2,59.9,60.8,61.4,63.1,64.5,64.9,64.9,64.7,64.6,65.4,66.2,65.9,65.1,64,63.3,63,62.9,62.9
Antigua and Barbuda,,,,,,,,,,,,,,,,,,,,,,,,,,,,,,,,,,,,,,130,135,141,153,158,160,139,138,138,142,148,146,146,145,147,147,155,205,210,183,177,177,177,169,167,164,163,166,168,172
Australia,,,,,,,,,,,,,,,,,,,,,,,,,,,,,,,,,,,,,,80.1,85.5,93.3,101,107,108,108,106,107,107,108,110,114,121,122,123,123,124,124,122,119,115,110,108,106,106,104,105,106,107
Austria,,,,,,,,,,,,,,,,,,,,,,,,,,,,,,,,,,,,,,72.8,76.2,78.7,82.7,85.3,88.5,90.8,92.9,95.4,97.4,98.7,98.3,98.9,99,99.1,98,95.6,94.9,93.2,93.1,92,90.2,89.3,89,89,89.8,88.8,88.7,88.5,88.7
Azerbaijan,,,,,,,,,,,,,,,,,,,,,,,,,,,,,,,,,,,,,,14.5,14.5,14.5,14.7,15,14.9,14.7,14.6,14.6,14.7,15,15.4,16,16.5,16.3,16.8,17.4,17.9,18.4,18.7,19,19.4,19.8,20.1,20.4,20.7,21.1,21.5,21.1,21.1
Burundi,,,,,,,,,,,,,,,,,,,,,,,,,,,,,,,,,,,,,,25.3,25.5,25.7,26,26.1,26.4,26.4,26.4,26.4,26.1,26,25.7,25.9,26.4,26.9,27.2,27.1,27,26.9,26.9,27.1,27.1,27.1,27,26.8,26.6,26.3,26.3,26.5,26.4
Belgium,,,,,,,,,,,,,,,,,,,,,,,,,,,,,,,,,,,,,,72.2,73.8,76.3,78.6,79.8,80.3,79.8,81.1,81.2,82.5,82.3,83.8,87.3,91.2,93.1,94.4,92.9,92.4,93.6,89,85,81.1,78.9,76.9,75.8,75.8,75.2,76.4,77.3,78.3
Benin,,,,,,,,,,,,,,,,,,,,,,,,,,,,,,,,,,,,,,19.1,19.4,19.6,19.8,20.2,20.6,21.1,21.5,22.1,22.7,23.8,24.6,25.7,26.3,27,27.7,28.5,28.7,29.5,30.1,30.8,31.4,31.6,31.7,31.5,31.6,31.5,31.9,32,32.3
Burkina Faso,,,,,,,,,,,,,,,,,,,,,,,,,,,,,,,,,,,,,,18,18.1,18.1,18.3,18.5,18.7,18.9,19.3,19.9,20.2,21.2,21.6,22.3,23.1,24,24.8,25.6,25.8,26.2,26.6,27.4,28,28.5,29.2,29.3,29.8,30.1,30.5,30.9,30.9
Bangladesh,,,,,,,,,,,,,,,,,,,,,,,,,,,,,,,,,,,,,,7.83,7.65,7.7,7.77,7.8,7.89,7.89,7.86,7.68,7.59,7.56,7.39,7.58,7.84,7.98,8.1,8.29,8.37,8.29,8.31,8.38,8,7.66,7.68,7.85,7.78,7.96,8.38,8.64,8.87
Bulgaria,,,,,,,,,,,,,,,,,,,,,,,,,,,,,,,,,,,,,,20.8,20.4,20.2,20,20.2,20.1,20.4,20.9,20.8,20.9,21.7,22.9,24,25.1,27,28.4,29.7,31,32.2,33.3,34.6,35.7,36.4,37.3,38.1,38.4,38.3,38.2,38.2,38.2
Bahrain,,,,,,,,,,,,,,,,,,,,,,,,,,,,,,,,,,,,,,23.1,24.1,24.2,23.5,23.5,24,24.8,25.6,27.5,27.6,25.7,24.7,28.6,31.4,31.7,31.9,32.1,32.7,33,32.8,31.9,31.4,31.5,30.5,30.2,30.9,31.4,32.2,32.9,33.8
Bahamas,,,,,,,,,,,,,,,,,,,,,,,,,,,,,,,,,,,,,,117,116,113,114,120,123,127,126,130,133,135,143,141,142,140,136,139,137,137,136,137,140,142,136,135,136,136,136,138,141
Bosnia and Herzegovina,,,,,,,,,,,,,,,,,,,,,,,,,,,,,,,,,,,,,,17.2,17.9,17.7,17.9,17.9,18,18.3,18.5,19.2,20.5,22.1,23.4,25.4,27.6,27.8,29.1,29.2,30.7,30.5,30.9,31.3,31.9,32.1,32.6,33,33.2,32.9,33.2,33.6,33.9
Belarus,,,,,,,,,,,,,,,,,,,,,,,,,,,,,,,,,,,,,,30.8,33.2,34.7,36.3,36.4,36.3,37.8,39.8,41.3,42.3,40.6,43.3,43.6,43.6,44,45.2,47.8,49.5,52.8,55.6,58.8,61.5,59.8,62.8,66.8,69.5,71.4,72.9,72.8,73.5
Belize,,,,,,,,,,,,,,,,,,,,,,,,,,,,,,,,,,,,,,39.5,39.4,41.2,42.8,46,49.7,54.7,61.4,65,67.6,67.9,67.5,65.7,64.8,66.2,67.4,68.2,67.5,65.5,64.2,63,63.4,64.2,64.1,63.9,65.2,64.7,65.3,67.2,68.3
Bermuda,,,,,,,,,,,,,,,,,,,,,,,,,,,,,,,,,,,,,,112,116,114,121,127,129,132,137,142,150,151,154,156,157,158,157,160,162,165,169,173,173,174,176,180,179,178,180,182,183
Bolivia,,,,,,,,,,,,,,,,,,,,,,,,,,,,,,,,,,,,,,30.9,31.4,31.9,32.2,32.5,33,33.3,34.8,35.8,36,37.1,38.1,38.5,38.8,39.1,39.7,40.6,41.2,42.1,42.8,43.8,45.1,46,46.5,45.1,47,51,51.8,53.4,54.5
Brazil,,,,,,,,,,,,,,,,,,,,,,,,,,,,,,,,,,,,,,37,37.8,39,40.7,42.1,43.6,45.3,46.9,48.6,49.9,51.1,52.1,53.3,54.5,55.5,55.8,56.3,56.4,56.1,55.7,55.6,55.5,55,54.5,53.9,53.5,53.6,53.4,54.1,55
Barbados,,,,,,,,,,,,,,,,,,,,,,,,,,,,,,,,,,,,,,116,120,129,137,145,149,153,160,164,162,166,167,172,173,179,172,172,173,172,169,169,166,165,165,166,165,165,166,173,189
Brunei,,,,,,,,,,,,,,,,,,,,,,,,,,,,,,,,,,,,,,23.9,23.5,23.4,23.4,22.2,21.7,20.8,21,21.7,22.3,22.8,22.8,24.7,27.9,29.3,31.2,32.1,31.2,32,34.2,35.7,36.7,37.9,39.1,39.6,39.8,40,39.9,40.1,39.7
Bhutan,,,,,,,,,,,,,,,,,,,,,,,,,,,,,,,,,,,,,,7.06,7.06,7.05,7.08,7.12,7.18,7.25,7.44,7.68,7.88,8.16,8.32,8.47,8.63,8.69,8.77,8.88,9.08,9.32,9.67,9.91,10.2,10.4,10.6,10.8,11,11.2,11.4,11.6,11.8
Botswana,,,,,,,,,,,,,,,,,,,,,,,,,,,,,,,,,,,,,,45,46.6,48.8,51.1,54.3,58,61.7,64.8,66.9,68.7,70.5,71.6,72,71.2,70.1,69.1,69.5,68.2,67.3,66.7,66.8,67,67.2,67.6,68,68.3,68.2,68.8,70.1,70.9
Central African Republic,,,,,,,,,,,,,,,,,,,,,,,,,,,,,,,,,,,,,,26.5,26.9,26.9,26.8,26.8,26.9,27.2,27.2,27.2,27.3,27.2,27.3,27.6,27.7,27.8,27.8,27.9,27.9,27.9,28,28.1,28.3,28.3,28.1,27.8,27.6,27.4,27.3,27.4,27.4
Canada,,,,,,,,,,,,,,,,,,,,,,,,,,,,,,,49.5,53.6,58.1,61.3,66,69.3,72.3,80.5,83.3,86.1,89.3,89.5,90.1,90,91.2,92.6,94.4,95.4,95.9,95.9,96,93.5,89.9,86.6,82.2,79.3,76.7,74.8,70.5,68.8,67,66.2,66.1,68,69,70.5,71.4
Switzerland,,,,,,,,,,,,,,,,,,,,,,,,,,,,,,,,,,,,,,100,101,102,102,104,102,99.9,102,105,106,108,109,110,111,111,109,107,106,104,103,100,97.5,95,94,92.5,91.2,90.3,91.2,91,91.3
Chile,,,,,,,,,,,,,,,,,,,,,,,,,,,,,,,,,,,,,,32.2,32.9,34,35.9,37.8,40.5,43,43.6,45.1,46.5,47.3,48.8,49.5,51.5,52.6,52.8,53.1,53.6,54.4,56.5,58,58.4,59.1,59.5,59.3,59.5,58.8,59.2,59.9,60.3
China,,,,,,,,,,,,,,,,,,,,,,,,,,,,,,,,,,,,,,8.88,9.06,9.1,9.26,9.38,9.52,9.82,10,10.2,10.4,10.6,10.9,11.1,11.4,11.9,12.3,12.5,12.9,13.4,14,14.6,14.9,15.2,15.4,15.9,16.1,16.1,16.6,16.9,17.3
Cote d'Ivoire,,,,,,,,,,,,,,,,,,,,,,,,,,,,,,,,,,,,,,20.3,20.6,20.9,21.2,21.4,21.8,22.1,22.5,23.1,23.7,24.7,25.4,26.5,27,27.7,28.1,28.8,29,29.7,30.3,30.8,31.2,31.7,32.2,32,32.3,31.8,31.9,32.5,32.6
Cameroon,,,,,,,,,,,,,,,,,,,,,,,,,,,,,,,,,,,,,,20.8,21.3,21.8,22.3,22.6,22.9,23.4,24,24.7,25.2,26.3,27,28.4,29.4,30.5,31.5,32.5,32.6,33.3,33.8,34.3,35,35.5,36.1,36.3,36.6,36.8,37.3,38.1,38.5
"Congo, Dem. Rep.",,,,,,,,,,,,,,,,,,,,,,,,,,,,,,,,,,,,,,23.9,24.1,24.1,24.1,24.1,24.2,24.3,24.2,24.3,24.3,24.4,24.3,24.4,24.7,24.9,25,24.9,24.7,24.8,24.8,25,25.3,25.6,25.9,26,26.1,26.1,26.4,27,27.3
"Congo, Rep.",,,,,,,,,,,,,,,,,,,,,,,,,,,,,,,,,,,,,,30.5,30.4,30.3,30.2,30.3,30.5,30.5,30.4,29.8,29.2,28.7,28.4,28.3,28.6,28.8,29.1,29.4,29.6,29.9,30.1,30.4,30.9,31.4,31.7,31.9,32.3,32.4,32.8,33.5,34
Cook Is,,,,,,,,,,,,,,,,,,,,,,,,,,,,,,,,,,,,,,99.7,101,103,104,105,105,105,105,105,105,105,106,105,106,107,109,110,111,109,107,107,108,108,105,105,106,107,108,109,110
Colombia,,,,,,,,,,,,,,,,,,,,,,,,,,,,,,,,,,,,,,38.8,40.3,41,43.3,46.5,48.6,50.8,51.5,52.5,54.3,55.5,56.4,61.5,57.9,56.5,53.2,52.9,52,53.1,56.5,56.9,56.2,56.4,56,54.4,55.4,57,58.5,60.6,62.4
Comoros,,,,,,,,,,,,,,,,,,,,,,,,,,,,,,,,,,,,,,25.9,25.7,26.4,26.7,27.1,27.4,27.6,27.6,27.3,27.2,27.7,27.7,27.7,27.5,27,27.5,27.4,28.3,28.8,28.6,28.8,29.2,29.6,29.8,30.4,30.5,30.5,30.7,30.7,30.9
Cape Verde,,,,,,,,,,,,,,,,,,,,,,,,,,,,,,,,,,,,,,21.9,22.7,23.4,24.7,26.6,29.3,33.9,40.7,43.5,45.4,46.8,48.4,49.6,50.8,52.4,54.1,47.3,46.2,47.2,48.1,48.8,49.9,51.6,52.3,52.7,53.2,54.6,58.7,92.9,94.3
Costa Rica,,,,,,,,,,,,,,,,,,,,,,,,,,,,19.8,25,27.8,30.6,31.7,35.1,36.5,38.1,40.4,43.7,45.2,46.9,49.1,48.9,51,53.9,54.6,57.3,60.5,66.4,68,70.4,71.6,72.8,74.8,73.1,75.9,73.5,75.3,76.8,85.5,84,83.3,84,83.4,84.4,85.8,86.5,89.1,90.1
Cuba,,,,,,,,,,,,,,,,,,,,,,,,,,,,,,,,,,,,,,62.1,65,68.1,70.3,71.3,71.1,70.8,72.7,75.2,77.4,79.7,81.3,82.1,85.1,87.5,91.1,92.9,94.3,95.1,97.2,99.2,98.2,101,103,103,105,107,110,112,112
Cyprus,,,,,,,,,,,,,,,,,,,,,,,,,,,,,,,,,,,,,,39.2,41,44.6,48.7,51.6,53.1,53.5,55.1,56.9,58.9,61.7,64.6,68.4,71.1,75.5,79.8,83.2,87.2,90.2,93.4,94.1,91.7,91,90.8,90.8,91.1,87.9,84.4,84.5,85.1
Czech Republic,,,,,,,,,,,,,,,,,,,,,,,,,,,,,,,21.6,23.1,26,29.5,32.6,35.4,38.2,40.1,40.6,42,44,47.5,49.7,51.4,53,54.8,57,59.2,62.3,63.1,65.6,67.4,68.7,69.1,70.3,71.3,71.7,71.7,69.8,68.3,67.2,66.3,65.3,64.8,64.7,65.3,65.1
Germany,,,,,,,,,,,,,,,,,,,,,,,,,,,,,,,,,,,,,,59.6,63.9,68,72.5,76.1,77.9,79.3,80.7,82.8,84.7,86.6,87.5,89.7,91.6,92,92.4,92.6,92.8,93.1,92.6,91.2,89.3,88,87.9,86.8,87.8,87.2,87.4,87.6,87.6
Djibouti,,,,,,,,,,,,,,,,,,,,,,,,,,,,,,,,,,,,,,27.2,27.4,27.5,27.6,27.4,27.8,28.1,28.4,28.8,28.9,28.9,28.9,29.4,29.7,30.6,31.3,31.6,31.7,32,32.2,32.6,32.9,33.3,33.5,33.5,33.8,34,34.6,35.5,36.2
Dominica,,,,,,,,,,,,,,,,,,,,,,,,,,,,,,,,,,,,,,153,153,155,162,170,179,185,187,187,190,195,196,198,197,197,201,202,198,197,196,196,199,202,201,199,196,194,195,195,196
Denmark,17.1,18.2,17.9,17.9,18.8,18.2,20.4,19.2,21.4,20.5,23.1,21.6,21.5,22.4,23.8,23.6,22.4,22.9,24.3,25.6,27.4,27.2,31.7,33.6,35.1,36.9,39.1,40.8,40.5,41.3,44.6,44.5,45.1,47.3,50.9,50.6,51.7,52.9,52.6,52.6,52.6,52.1,51.8,52.8,53.5,55,58.3,60,63.8,69.2,74,79.3,81.8,86.7,90.1,91.9,93.9,93.3,89.7,87.1,85.5,83.8,82,82.7,82.5,81.9,81.6
Dominican Republic,,,,,,,,,,,,,,,,,,,,,,,,,,,,,,,,,,,,,,37.6,37.8,38.3,40.3,43.1,46.2,50.5,53.4,56.7,62.9,65.8,68.1,70.7,71.5,73.3,76.7,77,74.1,72.1,72,72.3,73.8,76.3,77.4,75.4,75.5,74.9,73.7,73.5,73.2
Algeria,,,,,,,,,,,,,,,,,,,,,,,,,,,,,,,,,,,,,,13.6,14.1,14.1,14.2,14.2,14.3,14.4,14.4,14.3,14.4,14.5,14.7,14.8,15.1,15.2,15.4,15.6,15.6,15.5,15.3,15.1,15.3,15.6,15.7,15.9,16.2,16.6,17,17.5,18
Ecuador,,,,,,,,,,,,,,,,,,,,,,,,,,,,,,,,,,,,,,26.8,28.5,28.9,29.3,30,30.3,31.4,32.2,34.3,35.1,35.7,37.2,39.4,40.7,42.3,43.7,45,46.6,47.1,46.1,46.1,47.5,48.6,48.9,47.5,46.6,47.2,47.7,48.5,48.5
Egypt,,,,,,,,,,,,,,,,,,,,,,,,,,,,,,,,,,,,,,7.23,7.26,7.36,7.66,7.89,7.94,7.91,8,8.05,8.37,8.61,8.98,9.22,9.69,10,9.9,9.65,9.38,9.4,9.67,9.76,10.1,10.1,9.51,9.66,10.4,10.9,11.2,11.7,12
Eritrea,,,,,,,,,,,,,,,,,,,,,,,,,,,,,,,,,,,,,,24,24.5,25,25.7,26.9,28.6,29.1,29.5,29.8,30.2,30.4,30.3,30.6,30.7,30.8,30.7,30.6,30.4,30.2,29.9,29.7,29.5,29.4,29.3,29.4,29.6,29.6,29.5,29.7,29.7
Spain,,,,,,,,,,,,,,,,,,,,,,,,,,,,,,,,,,,,,,42.1,43.9,45.8,48.2,50.5,52.8,55.1,56.9,59.8,62.3,62.5,63.5,64.8,66.3,66.4,66,64.8,65,64.7,64.1,63.3,62.1,61,59.9,59.6,59.8,59.5,60.1,59.9,60
Estonia,,,,,,,,,,,,,,,,14.6,12.3,12.1,12.2,13.6,17,19.8,18.7,21,24.2,22.9,25.9,27.3,31.6,30.3,32.1,35.5,38.8,38.9,41.7,42,38.7,45.8,46.8,47.6,49,48.8,47.7,46.6,49.8,54,56.1,60.1,63.8,68.4,73.2,79.5,83.9,88.7,95.9,101,106,107,111,114,115,122,123,123,121,120,119
Ethiopia,,,,,,,,,,,,,,,,,,,,,,,,,,,,,,,,,,,,,,10.7,10.6,10.6,10.6,10.5,10.4,10.4,10.4,10.6,10.8,10.8,10.8,11.1,11.3,11.4,11.4,11.4,11.4,11.5,11.7,12,12.3,12.7,13,13.2,13.3,13.8,14,14.3,14.5
Finland,12.7,13.9,12.6,12.6,16,17.5,19,16.3,16.8,17.9,16.5,18.7,18.5,20.4,21.4,23.7,25.2,23.5,28.6,31.3,32.1,30.5,36.5,34.3,43.7,41.3,44.3,46.8,47.7,49.5,50.4,50.9,53.7,56.3,58.5,58.7,60.5,61.4,64.1,68.7,73.9,78.3,83.7,87.8,92.5,97.8,102,105,107,110,113,115,113,111,110,110,109,109,107,105,105,105,105,105,107,107,107
Fiji,,,,,,,,,,,,,,,,,,,,,,,,,,,,,,,,,,,,,,23.8,23.7,23.7,23.6,23.5,23.3,23.1,23,22.4,22.4,22.6,23.2,23.4,24.2,24.3,25.1,25.8,27,26.6,25.9,26.8,27.4,27.9,28,28.2,28.4,28.7,29,29.4,29.6
France,,,,,,,,,,,,,,,,,,,,,,,,,,,,,,,,,,,,,,67.6,68.8,70.3,71.8,72.6,73,74.1,75.1,77.9,79.7,80.7,82.7,85.6,88.5,88.1,88.5,86.8,85.6,83.9,81.9,78.9,76,73.6,72.2,71.2,72.6,72.4,73.1,73,73.6
"Micronesia, Fed. Sts.",,,,,,,,,,,,,,,,,,,,,,,,,,,,,,,,,,,,,,28.4,28.6,28.8,28.9,29.1,29.1,29.1,29,28.9,28.9,29.2,29.7,30.3,30.9,31.6,32,32.5,32.8,33.1,33.4,33.7,34.1,34.5,35,35.6,36.2,36.8,37.3,37.9,38.5
Gabon,,,,,,,,,,,,,,,,,,,,,,,,,,,,,,,,,,,,,,30.9,31.3,31.6,31.9,32.3,33.2,33.5,33.5,33.4,33.3,33.8,34,34.2,34.4,34.9,35.4,36,36.6,37.1,37.4,37.6,38.1,38.5,38.7,39,39.8,40.4,41.2,42.1,42.7
UK,,,,,,,,,,,,,,,,,,,,,,,,,,,,,,,,,,,,,,58.3,59.8,61.5,64,65.3,67.3,68.5,69.6,71.9,73.8,74.4,76.4,78.5,79.7,79.8,79.6,80.5,81.1,82.3,82.8,83.1,82.8,82.4,83.5,83.6,84.6,84.8,84.9,85.9,86
Georgia,,,,,,,,,,,,,,,,,,,,,,,,,,,,,,,,,,,,,,20,20.1,19.8,19,18,16.7,16,16.1,16.2,16.4,16.8,17.3,19.5,21.7,24.5,26.2,27.5,28.1,28.6,29.9,31,32,32.8,32.8,32.5,33.4,33.1,33.1,33.5,33.6
Ghana,,,,,,,,,,,,,,,,,,,,,,,,,,,,,,,,,,,,,,43.3,43.8,44.5,45.6,45.7,45.2,45.5,46.3,47,47.6,48.5,47.2,46.2,44.2,43.1,42.5,42,40.9,41.9,42.3,43.2,44.8,45.3,45.2,45.1,45.3,46.2,47.5,48.3,49.2
Guinea,,,,,,,,,,,,,,,,,,,,,,,,,,,,,,,,,,,,,,26.9,27,27.3,27.6,28.1,28.5,28.9,29.4,30.1,30.6,31.2,31.5,32.2,32.7,33.4,34.1,34.8,35.1,35.5,36,36.5,36.7,36.8,36.7,36.5,36.6,36.2,36,36.1,35.7
Gambia,,,,,,,,,,,,,,,,,,,,,,,,,,,,,,,,,,,,,,8.37,8.45,8.6,8.51,8.56,8.94,8.74,8.83,9.08,9.51,9.37,9.26,9.51,9.58,10.1,10.3,10.3,10.2,10.1,10.2,10.2,9.93,10,10.2,10.4,10.4,10.7,11.1,11.3,11.4
Guinea-Bissau,,,,,,,,,,,,,,,,,,,,,,,,,,,,,,,,,,,,,,20.7,20.8,20.9,21.1,21.3,21.6,21.9,22.2,22.6,23.1,23.9,24.9,25.8,26.7,27.7,28.4,29.1,29.7,30.4,31.1,31.7,32.2,32.6,33,33.3,33.5,33.8,34,34.1,34.3
Equatorial Guinea,,,,,,,,,,,,,,,,,,,,,,,,,,,,,,,,,,,,,,23,23.1,23.1,23.2,23.3,23.6,23.9,24.3,24.8,25.4,26,26.2,26.4,26.8,27.6,28.5,29.5,30,30.5,31.2,31.9,33.1,34.2,34.9,35.1,35.5,36.5,37.7,38.6,39.2
Greece,,,,,,,,,,,,,,,,,,,,,,,,,,,,,,,,,,,,,,49.2,51.7,53.9,55.6,57.5,59.1,60.9,62.3,64.2,66,67.2,68.3,68.6,69.8,70.6,70.2,68.6,68.8,67,66.1,64,63.4,63,61.4,61.3,61.2,60.2,60.8,61.5,62.2
Grenada,,,,,,,,,,,,,,,,,,,,,,,,,,,,,,,,,,,,,,106,112,121,121,122,128,135,137,145,170,182,190,199,202,206,209,214,218,215,217,215,206,159,157,156,158,172,179,180,182
Greenland,,,,,,,,,,,,,,,,,,,,,,,,,,,,,,,,,,,,,,18.3,18.3,18.4,18.9,19.4,19.8,19.8,20,20.4,20.7,21.1,21.6,21.9,21.9,22.1,22.1,22.1,22.1,21.8,21.7,22.1,22.1,22.2,22.6,23,23.1,23.4,23.6,23.7,23.7
Guatemala,,,,,,,,,,,,,,,,,,,,,,,,,,,,,,,,,,,,,,19.8,20.9,22.1,24.4,27.1,28.7,29.6,32.3,36.6,39.8,43.1,46.2,47.6,48.6,50,51.8,52.3,52,51.3,51.7,51.8,51.8,51,50.9,50.3,49.3,48.6,48.3,49.4,50.3
Guam,,,,,,,,,,,,,,,,,,,,,,,,,,,,,,,,,,,,,,31.8,31.8,32,32.8,34.5,31.8,28.4,27.9,28.1,28.4,30.6,31.7,31.6,30.1,29.9,30.2,30.5,30.8,30.5,30.6,30.1,29.4,29.6,29.5,29,28.7,28.3,28.4,28.6,28.8
Guyana,,,,,,,,,,,,,,,,,,,,,,,,,,,,,,,,,,,,,,68.8,69.4,71.5,75.5,75.7,78,79.9,78.9,79,81.8,87.1,86.4,86.9,84.8,82.6,82.9,81.6,82.7,82.5,81.1,81.7,81.1,82.2,82.8,85.6,84.5,85.5,86.9,87.7,88.7
"Hong Kong, China",,,,,,,,,,,,,,,,,,,,,,,,,,,,,,,8.26,7.3,8.17,7.66,6.96,8.73,7.59,6.98,7.61,9.01,7.71,7.63,8.72,8.63,10.5,,,,,,,,,,,,,,,,,,,,,,
Honduras,,,,,,,,,,,,,,,,,,,,,,,,,,,,,,,,,,,,,,19.8,20,20.1,20.6,21,21.1,21.4,21.6,21.9,22.4,23.2,23.7,24.2,24.7,25.2,25.6,26.1,26.6,27.7,29.2,31.1,34.2,39.4,39.6,39.8,40,40.2,40.3,40.2,39.7
Croatia,,,,,,,,,,,,,,,,,,,,,,,,,,,,,,,,,,,,,,44.9,45.5,46,45.4,44.4,42.5,44,45.5,46.1,46.3,44.6,46,48.2,52.2,53.4,55.8,56.4,57.9,59.8,60.1,61.1,62.5,63.8,63.7,65.4,67.3,66.6,66.8,66.4,66.5
Haiti,,,,,,,,,,,,,,,,,,,,,,,,,,,,,,,,,,,,,,55.8,56,56.7,57.1,57.3,57.8,57.6,57.9,57.5,57.7,58,58.2,58.4,58.7,59.1,59.4,59.8,60.2,60.5,60.8,61.1,61.8,62.2,62.6,63,63.5,63.7,64.1,64.8,65
Hungary,,,,,,,,,,,,,,,,,,,,,,,,,,,,,,,,,,,,,,35.5,35.6,37.2,38.4,39.5,41.3,42.5,43.8,45.2,46.2,46.6,46.4,46.7,47.5,47.4,47.5,47.2,46.6,45.6,45.6,45.4,45.5,44.9,44.6,45.8,45.2,46.9,47.2,47.9,47.7
Indonesia,,,,,,,,,,,,,,,,,,,,,,,,,,,,,,,,,,,,,,10.3,10.6,10.9,11.2,11.5,11.8,12.2,12.6,12.9,13.2,13.5,13.8,14.1,14.5,14.9,15.4,15.8,16.3,16.7,17.1,17.6,18.2,18.6,18.9,19.1,19.4,19.7,20.1,20.6,21
India,,,,,,,,,,,,,,,,,,,,,,,,,,,,,,,,,,,,,,7.52,7.48,7.37,7.52,7.63,7.61,7.77,8.03,8.04,7.83,7.89,8.05,8.1,8.08,7.89,8.04,8.18,8.22,8.28,8.07,7.96,8.02,7.93,8.15,8.26,8.4,8.44,8.46,8.75,8.91
Ireland,,,,,,,,,,,,,,,,,,,,,,,,,,,,,,,,,,,,,,60,62,64.2,67,67.7,70.2,71.7,73.8,77,80.3,83.5,85.4,89.8,91.2,95,94,94,94.8,94.5,96.5,90.7,89.9,87.5,86.3,85.7,85.3,86.2,86.7,87,87.7
Iran,,,,,,,,,,,,,,,,,,,,,,,,,,,,,,,,,,,,,,15.8,16.1,16.3,17.1,17.1,17.6,18.4,18.4,18.4,17.9,18.9,20.3,20.2,20,20,20.9,21.5,21.2,21.1,20.3,20.7,22.4,23.4,24.1,25.2,26.7,27.7,28.3,29.1,30
Iraq,,,,,,,,,,,,,,,,,,,,,,,,,,,,,,,,,,,,,,10.9,10.9,11.1,11.2,11.1,11.3,11.4,11.4,11.4,11.5,11.6,11.9,12.1,12.2,12.2,12.3,12.6,13.1,13.6,13.9,14.6,15.3,15.8,16.4,16.8,16.6,16.6,17.1,18.6,19.9
Iceland,,,,,,8.27,17,11.9,11,16.7,20.8,20.3,28.9,31.1,21.2,25.2,23.1,27.1,31.7,26.7,27.9,39.5,47.7,40.4,37.8,42.3,52.1,55.1,53.7,62.7,71.5,59.9,70.7,82.5,79.2,85.6,92.8,80.8,82.9,84.8,86.5,88.6,91.3,94.4,96.2,100,102,102,104,106,105,105,107,109,109,107,106,105,102,101,98,89.2,89,89.4,88.8,88.4,88.9
Israel,,,,,,,,,,,,,,,,,,,,,,,,,,,,,,,,,,,,,,32,33.8,36.1,37.3,39.1,40.4,41.7,42.7,44.7,44.8,46,44.9,45,46.1,47,48.4,47.7,48.4,49.6,48.4,47.3,44.9,43.1,41.9,41,41.2,40.5,41,41.6,42
Italy,,,,,,,,,,,,,,,,,,,,,,,,,,,,,,,,,,,,,,52.9,54.4,56,57.7,60,61.4,62.8,65.4,68.3,70.1,70.4,71.9,73.5,76.7,76.3,76.7,76.1,75.4,74.5,73.3,71.5,70.1,68.5,67.5,66.9,67.7,66.9,67.2,67.1,67
Jamaica,,,,,,,,,,,,,,,,,,,,,,,,,,,,,,,,,,,,,,59.3,59.1,62.3,66.8,69.8,75.6,84.4,92.9,108,112,112,116,118,117,116,118,120,127,148,152,133,144,132,125,123,121,123,123,124,127
Jordan,,,,,,,,,,,,,,,,,,,,,,,,,,,,,,,,,,,,,,14,14,14.2,14.5,14.8,15,15.1,15.3,15.6,15.8,15.5,15.4,15.5,15.3,15.8,16.8,17.6,18.4,19.1,20.4,21.9,22.4,22.8,22.7,22.8,23.2,23.5,23.6,24.2,24.5
Japan,,,,,,,,,,,,,,,,,,,,,,,,,,,,,,,,,,,,,,20.6,20.9,21.4,21.8,21.9,22.1,22.4,22.9,24.1,25.1,25.9,27,28.6,30.7,32.2,33.6,34.1,34.9,35.5,35.8,35.9,35.6,35.1,34.8,34.5,34.1,33.9,33.2,33,32.8
Kazakhstan,,,,,,,,,,,,,,,,,,,,,,,,,,,,,,,,,,,,,,14.4,13.6,13.1,12.8,12.6,12.6,12.6,12.5,12.4,12.4,12.7,13,13.5,13.9,14.2,14.6,15,15.6,16.1,16.6,17.2,17.7,18.2,18.4,18.9,19.6,20.5,21.2,21.3,21
Kenya,,,,,,,,,,,,,,,,,,,,,,,,,,,,,,,,,,,,,,16.8,17.1,17.4,17.5,17.6,17.8,18.1,18.3,18.5,18.7,19.1,19.8,20.8,22.1,23.2,24.3,25.4,25.8,26.3,26.9,27.8,27.9,28.1,28.1,28,28,28.2,28.6,29.3,29.9
Kyrgyz Republic,,,,,,,,,,,,,,,,,,,,,,,,,,,,,,,,,,,,,,11.8,11.9,11.9,12.3,12.2,11.6,11.3,11.3,11.3,10.7,10.7,10.4,9.95,9.65,9.57,9.48,9.69,10.2,10.3,10,10.2,9.92,9.81,10,10.5,10.9,11.1,11.2,11.2,11.3
Cambodia,,,,,,,,,,,,,,,,,,,,,,,,,,,,,,,,,,,,,,13.5,13.6,13.6,13.7,13.8,13.9,14,14.2,14.3,14.5,14.7,15.1,15.5,16,16.5,17,17.4,17.7,18,18.3,18.6,19.1,19.5,19.9,20.3,20.8,21.3,21.8,22.5,23.2
Kiribati,,,,,,,,,,,,,,,,,,,,,,,,,,,,,,,,,,,,,,17.6,17.5,17.4,17.2,16.9,16.6,16.5,16.4,16.2,16,15.9,15.7,15.5,15.4,15.3,15.1,15.2,15.1,15.4,15.5,15.6,15.6,15.6,15.6,15.6,15.7,16.1,16.3,16.6,16.7
St. Kitts and Nevis,,,,,,,,,,,,,,,,,,,,,,,,,,,,,,,,,,,,,,135,141,146,150,156,162,168,173,180,182,184,182,184,186,196,201,207,213,189,187,190,192,196,197,197,199,202,206,211,235
South Korea,,,,,,,,,,,,,,,,,,,,,,,,,,,,,,,,,,,,,,11.8,12.3,12.7,13.3,14.1,14.4,14.9,15.5,16.3,17,17.8,18.6,19.9,21.3,22.7,23.6,24.6,25.7,26.9,27.8,28.5,28.5,28.6,28.4,28.5,28.3,28.2,28.1,27.7,27.9
Kuwait,,,,,,,,,,,,,,,,,,,,,,,,,,,,,,,,,,,,,,16.1,15,14.1,15.5,17.4,18.4,18.8,21.5,19.9,20.4,21,20.2,21.3,21.1,21.9,22.9,24.7,25.4,27.2,26.7,24.3,23.9,25,26,27.1,28,29.1,29.9,30.3,31.2
Lao,,,,,,,,,,,,,,,,,,,,,,,,,,,,,,,,,,,,,,11.8,11.9,12,12.1,12.2,12.3,12.4,12.5,12.6,12.6,12.6,12.7,12.8,12.9,12.9,13,13.2,13.3,13.5,13.7,13.8,14,14.2,14.4,14.6,14.8,15,15.3,15.7,16
Lebanon,,,,,,,,,,,,,,,,,,,,,,,,,,,,,,,,,,,,,,30.4,30.9,31.6,32.1,31.9,32.1,32.6,33.7,35.5,37.3,38.6,40.4,42.5,44.5,46.1,47.8,49.9,52,53.5,55.5,57.6,61,64.4,67.1,68.8,69.9,70.9,71.9,73.1,73.8
Liberia,,,,,,,,,,,,,,,,,,,,,,,,,,,,,,,,,,,,,,18.5,18.8,18.9,19,19.1,18.9,19,18.9,19.2,19.7,21,21.9,23.2,23.8,24.6,25.3,26.4,26.9,27.6,28.3,28.9,29.4,30.2,30.4,29.8,29.9,29.4,29.4,30,30.4
Libya,,,,,,,,,,,,,,,,,,,,,,,,,,,,,,,,,,,,,,13,13.3,13.5,13.5,13.6,13.8,14,14.4,14.8,15,15.4,15.9,16.4,16.7,16.3,16.5,17,18.1,18.7,18.9,19.1,19.7,20.1,19.7,19.6,19.3,18.9,18.9,19.2,19.6
St. Lucia,,,,,,,,,,,,,,,,,,,,,,,,,,,,,,,,,,,,,,110,114,119,123,126,130,135,138,136,136,139,141,142,139,138,134,134,134,134,133,129,129,131,133,133,133,140,142,145,147
Sri Lanka,,,,,,,,,,,,,,,,,,,,,,,,,,,,,,,,,,,,,,9.48,9.18,9.03,8.82,9.06,9.35,9.55,10,9.9,9.9,9.84,9.87,10.1,10.5,10.7,10.9,11.4,11.7,12.2,12.4,13,13.4,13.8,13.9,14.3,14.4,14.6,14.8,14.7,14.9
Lesotho,,,,,,,,,,,,,,,,,,,,,,,,,,,,,,,,,,,,,,37.5,37.9,38.6,39.4,40.6,42.1,43.7,45.7,46.9,47.9,48.5,49.4,50.2,50.5,51.4,52,52.8,53.1,53.3,53.7,54.3,54.9,55.5,56.1,56.7,57.1,57.1,57.4,57.9,58.3
Lithuania,,,,,,,,,,,,,,,,,,,,,,,,,,,,,,,,,,,,,,48.3,49.4,49.7,52,52.2,52.9,54.4,56.5,60.5,65.3,71.8,78,81.2,85.4,91,99.4,110,117,118,115,116,113,112,111,109,109,110,105,106,106
Luxembourg,,,,,,,,,,,,,,,,,,,,,,,,,,,,,,,,,,,,,,62.2,64.8,65.4,67.7,68.9,70.1,70.7,71.9,74,74.8,75.6,74.7,75.6,76.9,79,78.5,77.3,77,76.1,75.4,73.1,72,70.4,68.9,67.3,65.8,64.4,64.9,65.2,65.4
Latvia,,,,,,,,,,,,,,,,,,,,,,,,,,,,,,,,,,,,,,35.8,35.8,35.7,36.2,36.9,36,34.6,35.6,38.3,40.1,43,47.1,50.5,53.3,56.6,61.4,65.5,68.1,69.3,69.4,69.9,70.4,72.2,74.2,76.2,76.3,74.9,75,75.2,75.2
Morocco,,,,,,,,,,,,,,,,,,,,,,,,,,,,,,,,,,,,,,8.66,8.76,9.19,9.32,9.34,9.44,9.36,9.46,9.79,10.2,9.62,9.23,9.24,9.57,9.52,9.59,9.72,9.88,9.94,10,10.2,10.4,10.8,12.8,13.1,13.4,13.8,14.3,14.9,15.5
Monaco,,,,,,,,,,,,,,,,,,,,,,,,,,,,,,,,,,,,,,65.4,66.2,67.3,68.7,70,70.9,72.1,73.9,75.8,77.3,78.4,79.5,81.1,83.2,84.8,85.9,86.6,87.2,88,88.8,89,88.7,88.4,88.5,88.7,88.5,88.1,87.5,86.8,86.2
Moldova,,,,,,,,,,,,,,,,,,,,,,,,,,,,,,,,,,,,,,18.8,18.1,17.4,16.7,17.1,16.7,16.3,16,16.1,16.2,16.4,16.6,17.1,17.9,19.1,21,21.8,23.3,24.5,26.2,28,28.3,30.2,31.3,33.7,36.4,37.1,37,36.6,36.4
Madagascar,,,,,,,,,,,,,,,,,,,,,,,,,,,,,,,,,,,,,,22.3,22.3,22.1,22.4,22.3,24.2,24.3,24.3,24.5,24.5,24.4,24.4,24.2,23.9,23.9,23.9,23.6,23.2,23.2,23.1,23.1,23,22.9,22.8,22.6,22.6,22.6,22.8,23.1,23.3
Maldives,,,,,,,,,,,,,,,,,,,,,,,,,,,,,,,,,,,,,,8.14,8.34,8.55,8.71,8.85,9.15,9.51,9.72,9.97,10.1,10.3,10.7,11,11.2,11.4,11.4,11.7,12.2,12.8,13.4,13.9,14.2,14.4,14.7,14.9,15,15.3,15.5,16,16.4
Mexico,,,,,,,,,,,,,,,,,,,,,,,,,,,,,,,,,,,,,,30.6,31.3,31.7,33.5,36.6,38.6,40,41.2,42.4,43.2,43.8,44,44.9,45.6,45.5,46.4,46.1,45.7,46.8,47.5,47.1,47,47.2,48,48,47.8,48.2,49.5,50.7,52.4
Marshall Islands,,,,,,,,,,,,,,,,,,,,,,,,,,,,,,,,,,,,,,32.4,32.7,32.8,31.9,26.9,27.1,27.4,27.7,27.8,27.9,28.2,28.7,29.2,29.6,29.8,30,30.2,30.3,30.3,30.4,30.5,30.8,31,31.2,31.3,31.5,31.7,32,32.3,32.6
North Macedonia,,,,,,,,,,,,,,,,,,,,,,,,,,,,,,,,,,,,,,20.1,20.1,21.2,21.8,22.4,23.2,24.2,25.1,26.3,27.4,28.1,29.2,30.5,31,31.9,32.9,34.2,35.6,36.6,38.2,39,39,39.5,40.3,40.9,41.4,42,42,41.7,41.7
Mali,,,,,,,,,,,,,,,,,,,,,,,,,,,,,,,,,,,,,,10.3,10.4,10.5,10.7,10.9,11,11.1,11,11.1,11.2,11.3,11.4,11.7,11.9,12.2,12.4,12.6,12.7,12.8,12.8,12.9,12.9,12.9,13,13,13.2,13.4,13.6,13.7,13.8
Malta,,,,,,,,,,,,,,,,,,,,,,,,,,,,,,,,,,,,,,42.7,43.2,43.8,45.6,45.4,46.4,47.2,48.6,50.3,51,51.4,52.9,53.5,54.1,54.9,55.7,55.2,55.9,56.9,56.9,56.9,55.8,55.2,55,54.1,51.1,51.9,52.4,52.9,53.3
Myanmar,,,,,,,,,,,,,,,,,,,,,,,,,,,,,,,,,,,,,,11.7,11.7,11.8,11.9,12.1,12.2,12.3,12.4,12.5,12.6,12.8,13,13.2,13.3,13.6,13.8,14.1,14.3,14.5,14.7,14.9,15.2,15.4,15.7,16,16.3,16.6,16.9,17.2,17.5
Montenegro,,,,,,,,,,,,,,,,,,,,,,,,,,,,,,,,,,,,,,36.4,36,35.9,36.4,36.8,36.7,36.9,37.9,37.8,37.2,37,37.6,38.5,40.1,41.8,43.3,44.5,45.8,47,47.8,48.4,49.6,50.3,51.6,52.8,53.9,55.2,56,55.9,56.2
Mongolia,,,,,,,,,,,,,,,,,,,,,,,,,,,,,,,,,,,,,,8.13,8.24,8.25,8.19,8.27,8.44,8.62,8.61,8.74,8.87,9,9.15,9.3,9.44,9.45,9.53,9.56,9.57,9.55,9.55,9.68,9.72,9.67,9.64,9.62,9.68,9.92,10.1,10.3,10.5
Northern Mariana Islands,,,,,,,,,,,,,,,,,,,,,,,,,,,,,,,,,,,,,,32.6,33.6,34.8,35.9,36.8,37.6,38.3,39.3,40.4,38.8,41.5,43.6,45.9,48,50.1,52.4,52,52.2,52.5,52.5,52.6,52.2,52,51.9,51.8,51.9,51.9,52.4,52.8,52.8
Mozambique,,,,,,,,,,,,,,,,,,,,,,,,,,,,,,,,,,,,,,8.7,8.73,8.82,8.96,9.05,9.13,9.27,9.49,9.74,9.95,10.2,10.2,10.4,10.5,10.7,10.9,11.1,11.2,11.5,11.7,11.9,12.2,12.5,12.6,12.6,12.7,12.7,12.8,13,13.1
Mauritania,,,,,,,,,,,,,,,,,,,,,,,,,,,,,,,,,,,,,,19.9,19.9,20,20.2,20.1,20,20.3,20.6,21.1,21.3,22.1,22.9,23.8,24.3,25.5,26.3,27.3,27.4,27.7,28.6,28.8,29.3,30.1,30.6,30.3,30.6,30.5,31.4,31.9,32.4
Mauritius,,,,,,,,,,,,,,,,,,,,,,,,,,,,,,,,,,,,,,16.8,18.2,19.1,20.6,21.9,22.4,24.1,25.3,26.4,27.4,26.7,27.9,28.7,27.4,27.4,26.9,26.1,26.1,26.6,26.9,27.4,26.8,26.5,26.9,27,26.5,26.4,26.8,27.3,27.7
Malawi,,,,,,,,,,,,,,,,,,,,,,,,,,,,,,,,,,,,,,14.6,14.7,14.7,14.7,14.8,14.8,15,15.3,15.8,16.1,16.6,16.9,17.3,17.7,18.2,18.5,18.6,18.6,18.7,18.9,19.4,19.8,19.9,19.8,19.6,19.6,19.6,19.6,19.8,20
Malaysia,,,,,,,,,,,,,,,,,,,,,,,,,,,,,,,,,,,,,,11.4,11.5,11.7,12,13,14,14.3,14.1,13.3,14.2,14.1,14.6,15.1,15.5,15.3,15.4,15.7,15.9,16.1,16.3,15.9,16.1,16.6,16.8,17.3,17.7,18.4,18.9,19.5,20.2
Namibia,,,,,,,,,,,,,,,,,,,,,,,,,,,,,,,,,,,,,,25.6,25.7,26,26.2,26.6,26.8,27.2,27.6,28.2,28.9,29.9,30.7,31.4,33.8,35.4,36.4,36.8,37.3,38.7,41.3,43.3,44.5,45.6,47.2,49,50,50.8,51.4,52.1,52.5
Niger,,,,,,,,,,,,,,,,,,,,,,,,,,,,,,,,,,,,,,15.4,15.3,15.4,15.5,15.6,15.8,15.9,16.3,16.8,17.4,18.1,18.9,19.9,20.7,21.3,22,22.6,22.8,23.3,23.8,24.2,24.6,24.9,25.4,25.5,26,26.2,26.6,27,26.9
Nigeria,,,,,,,,,,,,,,,,,,,,,,,,,,,,,,,,,,,,,,37.9,38.2,38.6,39,39.2,39.2,39,39.2,39.6,39.8,40.4,40.6,42,42.8,44.3,45.8,47.6,48.4,49.5,50.6,52.2,53.9,55.5,55.8,54.6,54.3,53.8,53.8,54.4,54.8
Nicaragua,,,,,,,,,,,,,,,,,,,,,,,,,,,,,,,,,,,,,,36.2,38.2,38,38.6,40.5,42.8,45,45.5,46.3,47.8,48.5,49.4,50.9,53.7,55.3,58.4,58.9,60.6,63.5,65.9,67.2,70.2,72.2,72.1,71.7,71.9,73.2,75.5,78.8,80.3
Niue,,,,,,,,,,,,,,,,,,,,,,,,,,,,,,,,,,,,,,35.1,35.5,35.8,36.2,36.8,37.4,38.2,39,39.9,40.8,42.1,43.2,43.8,44.3,45,46,47.4,48.6,49.6,51,52.4,53.3,53.8,53.8,53.7,53.8,54.1,54.5,55.1,55.6
Netherlands,,,,,,,,,,,,,,,,,,,,,,,,,,,,,,,,,,,,,,70.4,73.2,76.2,80,81.4,82.7,85.4,86.2,87.8,89.6,89.9,93.1,96.6,103,100,98,98.3,98.4,99.8,99.5,98.9,97.9,97.9,97.7,96.8,97.9,98.5,99.3,99.6,99.9
Norway,22.9,23.1,26.6,23.4,26.8,24.7,26.5,26.4,27.5,27.4,29.1,33.1,31.6,29.9,32.3,33,32.7,35.3,35.4,36,40.5,43.5,44.5,46.7,49.5,51.3,50.3,52,56.5,57.6,57.9,60.1,61.4,62.3,64.7,65.3,68.6,71,72.5,77,80.7,83.1,85.9,87.9,91.8,96.8,99.1,102,104,107,111,113,113,115,117,119,119,117,118,114,114,113,110,109,105,105,105
Nepal,,,,,,,,,,,,,,,,,,,,,,,,,,,,,,,,,,,,,,6.29,6.28,6.24,6.25,6.26,6.29,6.31,6.37,6.44,6.53,6.66,6.78,6.91,7.03,7.14,7.24,7.31,7.36,7.4,7.47,7.56,7.78,7.99,8.22,8.5,8.78,9.01,9.26,9.54,9.8
Nauru,,,,,,,,,,,,,,,,,,,,,,,,,,,,,,,,,,,,,,33.7,34.1,34.5,34.8,35,35.5,36,36.5,36.9,37.4,38,38.7,39.1,39.3,39.5,39.6,39.9,39.9,40,40.2,40.3,40.5,41,41.5,42.3,43,43.8,44.6,45.5,46.1
New Zealand,,,,,,,,,,,,,,,,,,,,,,,,,,,,,,,47.7,54.5,65.1,74,87.2,96.9,106,116,118,123,127,127,130,129,130,129,132,131,130,130,125,120,117,113,113,112,110,108,106,105,105,106,107,110,111,114,115
Oman,,,,,,,,,,,,,,,,,,,,,,,,,,,,,,,,,,,,,,15.8,16.6,17.3,17.9,18.9,20.1,21,21.7,22.1,22.9,23.9,24.6,25.2,25.7,26,26.8,27.4,28.2,29,29.3,28.4,28.1,28.5,29.5,29.3,29.7,30.4,30.6,29.7,29.6
Pakistan,,,,,,,,,,,,,,,,,,,,,,,,,,,,,,,,,,,,,,9.93,10,10,10,10.1,10.3,10.4,10.8,11,11.4,11.8,11.9,12,12,12.1,12.2,12.2,12.3,12.4,12.4,12.5,12.5,12.6,12.8,12.9,12.9,13,13.1,13.3,13.5
Panama,,,,,,,,,,,,,,,,,,,,,,,,,,,,,,,,,,,,,,39.8,41.7,43.1,47.3,49.2,53.3,55.3,59.1,62.9,68.3,68.7,69.7,71,72.2,68.7,68.5,68.3,66.1,66.6,67.9,67.1,64.9,66.5,66.6,67.5,69.1,70.2,73.2,74.5,76.4
Peru,,,,,,,,,,,,,,,,,,,,,,,,,,,,,,,,,,,,,,26,24.3,25.2,25.9,26,26.5,26.9,28.6,30.5,32.1,33.4,33.8,34.6,35.5,36,36.1,36.7,36.7,37.3,39.8,41.1,41.9,42.3,42.7,43,43.5,44.1,44.7,45.5,46
Philippines,,,,,,,,,,,,,,,,,,,,,,,,,,,,,,,,,,,,,,19.5,19.7,20.1,20.5,21,21.4,22,22.2,21.8,20.5,20,19.8,19.7,19.4,19.1,19.2,19.1,19.2,19.8,19.9,20.3,20.7,21.5,22.1,22.2,22.1,22,22,22.2,22.5
Palau,,,,,,,,,,,,,,,,,,,,,,,,,,,,,,,,,,,,,,48.7,48.8,49.1,49.3,49.6,50.3,51,51.8,52.6,53.2,53.7,53.9,53.9,53.8,53.6,53.1,53.9,54.5,55.1,55.5,56,56.5,57,57.1,57.2,57.6,58.1,58.9,59.7,60.4
Papua New Guinea,,,,,,,,,,,,,,,,,,,,,,,,,,,,,,,,,,,,,,17,17.1,17.4,17.6,17.8,18,18.3,18.6,18.8,19.1,19.4,19.8,20,20.3,20.5,20.8,21,21.2,21.3,21.5,21.8,22.7,22.9,22.9,23,23.1,23.2,23.4,23.7,23.8
Poland,,,,,,,,,,,,,,,,,,,,,,,,,,,,,,,,,,,,,,22.1,22.9,23.4,24,25,26.2,27.1,28.7,30.4,32.3,33.2,34.4,35.3,35.9,37,37.4,38.2,39,39.7,40.6,40.9,41.2,41.6,41.8,41.9,42.7,42.6,42.3,42.1,42
Puerto Rico,,,,,,,,,,,,,,,,,,,,,,,,,,,,,,,,,,,,,,69,70.6,73.3,75,75.6,78.7,80.3,79.7,82,78.6,78.4,80.4,79.9,79.8,81.1,82.1,82.4,83,84.2,86.9,85.2,86.7,84.2,83.9,83,82.6,83.5,84.4,84.3,84.5
North Korea,,,,,,,,,,,,,,,,,,,,,,,,,,,,,,,,,,,,,,12.2,12.3,12.4,12.4,12.5,12.6,12.6,12.4,12.2,12,12,12.1,12.1,12.1,12.2,12.4,12.7,13,13.4,13.7,14,14.1,14.2,14.2,14,13.8,13.8,13.8,13.9,13.9
Portugal,,,,,,,,,,,,,,,,,,,,,,,,,,,,,,,,,,,,,,54.2,56.9,59.2,62.5,64,67,69.9,71,73.2,74.8,74.8,74.8,76.2,77.7,78,78.4,78.3,77.2,77,76.7,76.5,75.8,75.5,75.7,76.2,76.1,78,79.6,80.1,81
Paraguay,,,,,,,,,,,,,,,,,,,,,,,,,,,,,,,,,,,,,,23.4,23.7,25.2,25.7,26.9,28.8,31.5,33.2,35.1,36.8,37.7,38.5,39.3,40.6,41.7,41.7,42,42,42.1,43,43.3,42.8,42.9,43.7,43.9,45.5,47.5,48.7,49.9,51.2
Palestine,,,,,,,,,,,,,,,,,,,,,,,,,,,,,,,,,,,,,,23.7,23.7,23.7,23.8,24.1,24.6,25.2,25.6,25.6,25.2,25.5,26.6,27.1,26.6,26.3,26.6,27.2,26.1,24.4,24.5,25.7,27.4,28,28.1,29.2,29.5,29.2,29.9,30.8,31.5
French Polynesia,,,,,,,,,,,,,,,,,,,,,,,,,,,,,,,,,,,,,,,,,,,,,,,,,,20,,,,,,,,,,,,,,,,,
Qatar,,,,,,,,,,,,,,,,,,,,,,,,,,,,,,,,,,,,,,19.6,20.6,21.1,20.6,18.4,17.8,21.2,23.7,24.9,25,24.2,24.7,26.4,27.9,27.7,28.9,31.3,35,36.5,36.2,35.6,36.7,37.5,37.4,38.6,42,43.5,43.6,42.2,42.4
Romania,,,,,,,,,,,,,,,,,,,,,,,,,,,,,,,,,,,,,,18.1,18.5,19.4,19.8,20.5,21.6,23.3,24.2,24.6,24.9,25.7,27.1,28.1,28.9,29.6,30.3,31.2,32,33.2,34.5,36,36.1,37.7,37.9,39.8,40.2,41,41.5,42,42.3
Russia,,,,,,,,,,,,,,,,,,,,,,,,,,,,,,,,,,,,,,21.9,22,22.6,23.3,23.2,22.9,23.1,23.1,23.7,25.1,26,26.7,27.8,29.1,30.3,32.4,33,34.3,37.2,38.9,41.3,41.6,43,45.1,47.9,49.6,50.8,49.9,49,49.1
Rwanda,,,,,,,,,,,,,,,,,,,,,,,,,,,,,,,,,,,,,,27.3,27.8,28.5,29.1,30.1,30.9,31.2,31.3,31,29.6,28.4,27.6,28.1,28.4,28.9,28.9,28.7,28.9,29.3,29.6,30,30.4,31,31.6,31.9,32.3,32.5,32.9,33.6,34.3
Saudi Arabia,,,,,,,,,,,,,,,,,,,,,,,,,,,,,,,,,,,,,,12.9,13.8,14.3,14.7,15.3,16.1,17.1,17.5,17.7,18,18.5,19,18.9,18.5,18.1,17.8,17.9,18.3,18.5,18.5,18.7,19.4,20.1,20.7,21.3,21.6,22.2,22.6,23,23.4
Serbia and Montenegro,,,,,,,,,,,,,,,,,,,,,,,,,,,,,,,,,,,,,,,,,,,,,,,,,,13,,,,,,,,,,,,,,,,,
Sudan,,,,,,,,,,,,,,,,,,,,,,,,,,,,,,,,,,,,,,9.5,9.68,9.81,9.89,9.99,10.1,10.1,10.2,10.3,10.3,10.4,10.5,10.7,10.9,11,11.3,11.5,11.7,11.8,11.9,12.1,12.4,12.7,12.9,13,13.1,13.4,13.8,14.4,14.9
Senegal,,,,,,,,,,,,,,,,,,,,,,,,,,,,,,,,,,,,,,20.4,20.6,20.7,20.8,21,20.8,20.7,21.1,21.6,22.2,22.9,26,27.1,27,28.4,29.2,29.7,30.2,31.1,32.1,31.3,32.2,32.6,33.5,34.2,34.7,35.3,35.4,35.6,36.4
Singapore,,,,,,,,,,,,,,,,,,,,,,,,,,,,,,,,,,,,,,16.3,16.9,16.7,17.3,19,20,20.6,21.2,22,21.7,22.4,22.6,23.2,23.2,24.1,25,25.1,26.7,28,27.9,28.1,28.4,28.1,28.9,28.8,28.6,28.7,28.2,28.4,28.2
Solomon Islands,,,,,,,,,,,,,,,,,,,,,,,,,,,,,,,,,,,,,,23.5,23.6,23.7,23.7,23.8,24,24.3,24.6,24.9,25.3,25.7,26,26.1,26.1,26.1,26.2,26.5,26.6,26.3,26.8,27.1,27.9,28.5,29,29.5,30,30.2,30.5,30.9,31.3
Sierra Leone,,,,,,,,,,,,,,,,,,,,,,,,,,,,,,,,,,,,,,17.7,17.6,17.6,17.6,17.6,17.7,17.9,18.2,18.5,18.9,19.6,20.3,21.3,22.3,23.3,24.2,24.8,25.2,25.5,25.9,26.4,26.9,27.4,27.9,27.9,28.5,28.4,28.9,29.4,29.6
El Salvador,,,,,,,,,,,,,,,,,,,,,,,,,,,,,,,,,,,,,,19.7,20.5,21.8,23.4,24.9,27.2,28,31.2,36.7,36.2,38.3,38.6,38.4,40.4,42.6,44.3,46,45.9,44.9,45.8,43.1,43.9,41.7,41.9,44.8,45.6,47.2,48.2,49.4,52.2
San Marino,,,,,,,,,,,,,,,,,,,,,,,,,,,,,,,,,,,,,,66,66.8,68,69.6,71,71.7,72.4,74.1,75.5,76.8,78,78.6,79.5,81,82.5,82.8,83.4,84,84.6,85.2,85.5,85.5,86.2,87.1,88.3,89.4,90.1,90.3,90.3,90.3
Somalia,,,,,,,,,,,,,,,,,,,,,,,,,,,,,,,,,,,,,,24.1,24,23.9,23.8,23.7,23.9,24.1,24.3,24.6,24.7,24.8,24.7,24.9,25,25.1,25,24.9,25,25.1,25.1,25.1,25,24.9,24.8,24.8,24.9,24.8,24.7,24.7,24.5
Serbia,,,,,,,,,,,,,,,,,,,,,,,,,,,,,,,,,,,,,,22,22.4,23.1,23.4,23.8,24.2,24.8,25.5,25,25.5,26.8,27.6,29,30.5,32.5,34.4,35.9,37.6,39.6,40.2,40.6,40.9,41.6,42.9,43.6,44.2,43.1,43,43.1,43.1
South Sudan,,,,,,,,,,,,,,,,,,,,,,,,,,,,,,,,,,,,,,23.8,23.9,23.9,23.9,23.9,24,24.1,24,24.2,24.3,24.4,24.2,24.2,24.4,24.5,24.6,24.7,24.7,24.8,24.8,24.8,24.9,24.9,24.8,24.6,24.5,24.4,24.5,24.7,24.8
Sao Tome and Principe,,,,,,,,,,,,,,,,,,,,,,,,,,,,,,,,,,,,,,16.2,16.3,16.3,15.8,15.8,16,16.3,16.6,17.1,17.4,17.6,17.9,18.2,18.4,18.8,19,19.6,20,20.5,21.2,22.1,22.8,23.3,23.9,24.7,25.2,25.6,26.1,26.6,27
Suriname,,,,,,,,,,,,,,,,,,,,,,,,,,,,,,,,,,,,,,41.9,44,45.5,47.6,46.9,44,43.7,45,47.8,49.9,52.5,54.9,56.9,57.2,57.1,57.2,56.3,56.3,57.2,57.4,58.3,58.4,58.7,62.3,63.5,63.1,63.6,64.9,65.3,65.3
Slovak Republic,,,,,,,,,,,,,,,,14.5,13.3,14.6,14.6,13.8,14,15.5,17.1,16.4,18.4,16.1,18,18.4,22.8,23.1,23.9,25.6,24.9,26.1,27.7,27.9,29.1,30.4,30.9,31.7,32.4,33.3,34.7,35.4,36.8,38.1,38.6,39.3,39.7,40.1,40.3,40.6,42.9,44.5,46.9,49.4,51.5,53.2,54.8,56.2,57.3,58.4,59.3,58,58.1,57.1,56.8
Slovenia,,,,,,,,,,,13.6,13.8,15.1,17.3,17.2,18.3,19.4,21.1,16.4,19.6,19.1,18,20.3,21.6,25.3,25.2,25.1,28.2,31.3,28.1,30.7,31.7,29.6,33.3,33.1,34.3,39.2,38.3,38.5,38.9,39,41,43.6,45.6,48.4,50.6,52.2,53.9,57.5,59.5,62.1,63.3,64.3,68.4,71.3,74.7,76.8,78.2,77,77.6,77.5,75.3,78.1,78.1,78.4,78.2,77.9
Sweden,,,,,,26.7,27.1,26.4,27,29.5,32.1,36.6,35.5,35.3,38.8,39.9,40.9,40.1,43.2,48.5,48.4,51.5,52.5,54.1,54.9,56.4,59.3,60.8,63,64.5,68.8,70.5,70.5,74.4,79.8,82.9,82.3,81.8,85.8,88.2,92.8,94.8,98.6,101,104,107,109,109,111,112,114,116,114,112,110,109,108,105,103,101,99.4,98.9,98.6,97,96.7,96.9,97.1
Eswatini,,,,,,,,,,,,,,,,,,,,,,,,,,,,,,,,,,,,,,42.1,42.5,42.6,42.5,43.1,44.7,47,47.6,48.8,49.7,51.3,52.8,53.3,53.5,54,54.5,55,55.5,55.9,56.2,56.1,56,56.2,56.2,56.4,56.6,56.7,56.8,57,57.2
Seychelles,,,,,,,,,,,,,,,,,,,,,,,,,,,,,,,,,,,,,,47.7,49.9,52.6,55.6,59.9,63.9,68.1,70.8,72.5,73.8,73.3,74.5,78.6,83,84.7,89.2,90.9,91.4,91.8,93.1,91.1,88.7,90.6,90.7,90.2,91,91.1,93.3,95.4,96.9
Syria,,,,,,,,,,,,,,,,,,,,,,,,,,,,,,,,,,,,,,11.7,12,12.4,12.5,12.7,13.1,13.6,14.1,14.8,15.2,15.7,15.1,15.1,14.7,14.8,15.2,15.6,15.8,16.4,16.9,17.8,18.4,18.7,18.7,18.6,18.5,18.7,18.9,19.3,19.5
Chad,,,,,,,,,,,,,,,,,,,,,,,,,,,,,,,,,,,,,,15.3,15.4,15.7,16,16.2,16.6,17.2,17.7,18.2,18.8,19.5,20.3,21.2,21.9,22.6,23.1,23.7,24.3,24.9,25.5,26,26.5,26.9,27.1,27.3,27.4,27.5,27.6,27.8,27.8
Togo,,,,,,,,,,,,,,,,,,,,,,,,,,,,,,,,,,,,,,20,20.3,20.6,20.9,21.2,21.7,22.3,22.8,23.3,23.9,24.8,25.7,26.9,27.8,28.7,29.4,30.1,30.5,31.4,32,32.6,33,33.1,33.3,33.5,34.1,34.4,35,35.5,35.8
Thailand,,,,,,,,,,,,,,,,,,,,,,,,,,,,,,,,,,,,,,11.8,12.1,12.4,12.5,12.6,12.8,13.3,13,14,15,14.9,14,14.3,14.6,14.8,14.9,14.8,14.9,15.1,15.2,15.5,15.5,15.5,15.5,15.8,16.2,16.6,16.8,17.2,17.5
Tajikistan,,,,,,,,,,,,,,,,,,,,,,,,,,,,,,,,,,,,,,8.76,8.87,9.2,9.28,9.19,8.75,8.74,8.85,9,9.19,9.21,9.24,9.31,9.37,9.77,10.1,9.94,10.1,10.4,10.4,10.8,11.2,11.4,11.4,11.7,12,12.3,12.3,12.1,11.9
Tokelau,,,,,,,,,,,,,,,,,,,,,,,,,,,,,,,,,,,,,,23,23.2,23.4,23.5,23.7,23.9,24.2,24.6,24.9,25.3,25.8,26.3,26.6,26.9,27.2,27.5,28,28.3,28.7,29.1,29.4,29.7,30,30.2,30.3,30.4,30.7,31.1,31.5,31.8
Turkmenistan,,,,,,,,,,,,,,,,,,,,,,,,,,,,,,,,,,,,,,9.44,9.17,8.77,8.98,9.29,9.53,9.53,9.34,9.43,9.5,9.51,9.31,9.3,9.52,9.88,10.3,10.5,10.6,10.6,10.3,10.4,10.7,10.9,11.2,11.5,11.7,11.8,11.8,12.1,12.2
Timor-Leste,,,,,,,,,,,,,,,,,,,,,,,,,,,,,,,,,,,,,,9.1,9.15,9.31,9.5,9.59,9.61,9.58,9.62,10.1,10.3,10.3,10.5,10.7,10.9,11.2,11.6,12,12.5,13,13.6,13.9,14.6,15.2,15.7,15.9,16.1,16.3,16.5,16.8,17
Tonga,,,,,,,,,,,,,,,,,,,,,,,,,,,,,,,,,,,,,,34.9,34.8,35.6,36.4,36.9,36.8,37.4,38.4,40.5,42.6,43.1,42.5,43,44,43.5,39.7,40,40.4,40.7,41,41.5,42.4,42.9,42.7,42.5,42.4,42.5,42.8,43.3,43.6
Trinidad and Tobago,,,,,,,,,,,,,,,,,,,,,,,,,,,,,,,,,,,,,,82,83,86.9,90.3,95.1,95.6,99.3,96.8,96.1,96.8,93,94.3,95.2,95.7,94.2,95.4,93.9,96.4,98,95.8,95.2,94.4,92.5,92.9,93.5,94.2,95.3,95.9,97,97.9
Tunisia,,,,,,,,,,,,,,,,,,,,,,,,,,,,,,,,,,,,,,11.6,12,12.2,12.4,12.6,12.9,13.3,13.8,14.2,14.5,14.8,15.2,15.6,15.9,16.2,16.6,16.9,17.3,17.4,17.6,17.7,18.2,18.6,19,19.5,19.9,20.3,20.7,21,21.3
Turkey,,,,,,,,,,,,,,,,,,,,,,,,,,,,,,,,,,,,,,19.6,19.6,19.6,19.8,19.8,20.3,21,22.7,23.6,23,22.8,26.1,30.3,32.3,34,34.7,34.6,33.8,33.5,33.9,34.5,35,34.6,34.2,34.2,33.8,33.5,33.7,34.3,35.1
Tuvalu,,,,,,,,,,,,,,,,,,,,,,,,,,,,,,,,,,,,,,29.5,29.8,30.1,30.3,30.4,30.6,30.7,30.9,31.3,31.5,31.7,31.8,31.7,31.3,30.9,30.8,30.9,31.3,31.7,32,32.3,32.6,32.9,33,33.2,33.5,33.9,34.4,35,35.6
Taiwan,,,,,,,,,,,,,,,,,,,,,,,,,,,,,,,,,,,,,,15.1,15.8,16.5,17.3,18.4,19.3,20.6,22,23,23.4,24.6,25.8,27.1,27.5,28.6,29.8,30.8,32,33.6,34.7,35.8,37.3,37.7,37.7,37.9,37.7,38,38,38.1,38.3
Tanzania,,,,,,,,,,,,,,,,,,,,,,,,,,,,,,,,,,,,,,29.2,29.2,29.3,29.5,29.5,29.5,29.7,30.1,30.6,30.8,30.7,30.3,30.5,30.9,31.2,31.5,31.7,31.9,32.1,32.2,32.3,32.5,32.8,32.9,32.4,32.2,32.3,32.9,33.6,34
Uganda,,,,,,,,,,,,,,,,,,,,,,,,,,,,,,,,,,,,,,40.6,41.7,42.8,43.9,44.8,46.2,47.3,48.2,49.2,49.8,51.1,51.9,53.4,54.5,56.3,57.6,59.2,59.3,58.8,58.9,59.5,59.8,60.2,60.2,59.9,59.7,59.8,60.2,61.6,62.5
Ukraine,,,,,,,,,,,,,,,,,,,,,,,,,,,,,,,,,,,,,,24.4,25,25.3,25.1,25.3,25.8,25.9,26,25.9,26.7,27.2,26.8,26.6,26.2,26.3,25.8,25.5,26.5,27.7,27.6,28.4,28.9,29.9,30.5,30.1,33.4,33.3,33.6,34.3,34.3
Uruguay,,,,,,,,,,,,,,,,,,,,,,,,,,,,,,,,,,,,,,47.2,44.2,48.8,51.4,53.3,54.9,57.3,59.2,61.8,63.7,64.9,65.7,67.5,69.9,71.4,71.5,71.7,73.1,71.4,71.3,71.1,70.2,68.8,66.9,65.2,64.6,64.1,64.8,65.9,66.9
USA,,,,,,,,,,,,,,,,,,,,,,,,,,,,,,,,,,,,,,132,135,139,143,146,146,144,142,140,139,137,136,134,131,128,126,123,121,121,120,120,119,118,117,116,115,116,116,118,118
Uzbekistan,,,,,,,,,,,,,,,,,,,,,,,,,,,,,,,,,,,,,,7.64,7.6,7.59,7.78,8.06,8.34,8.55,8.7,8.94,9.36,9.98,10.4,10.9,11.3,11.5,11.7,11.8,11.8,11.8,12,12.3,12.7,12.8,12.5,12.5,12.5,12.8,12.9,13.1,13.2
St. Vincent and the Grenadines,,,,,,,,,,,,,,,,,,,,,,,,,,,,,,,,,,,,,,95.3,99.6,104,107,108,111,120,121,122,125,127,125,126,125,120,115,116,115,119,121,123,123,123,126,125,127,125,126,128,130
Venezuela,,,,,,,,,,,,,,,,,,,,,,,,,,,,,,,,,,,,,,44.1,47.1,52.1,56.6,61.1,64,64.4,65.7,70.2,71.4,75.8,84.3,92.7,94.3,90.1,95.2,106,113,116,113,101,99.1,102,99.2,93.7,93,96.4,97.8,98.8,105
Virgin Islands (U.S.),,,,,,,,,,,,,,,,,,,,,,,,,,,,,,,,,,,,,,119,120,122,124,128,128,131,133,134,138,141,144,147,149,152,155,160,207,208,208,211,214,216,215,212,211,208,204,204,203
Vietnam,,,,,,,,,,,,,,,,,,,,,,,,,,,,,,,,,,,,,,9.27,9.4,9.5,9.62,9.8,10.1,10.3,10.6,10.8,11.1,11.3,11.5,11.7,12,12.4,12.8,13.1,13.5,14,14.3,14.6,15,15.3,15.7,16.1,16.5,16.9,17.3,17.8,18.2
Vanuatu,,,,,,,,,,,,,,,,,,,,,,,,,,,,,,,,,,,,,,22.9,23.1,23.4,23.5,23.9,24,24.4,24.7,25,25.5,25.7,26.1,25.7,25.3,25.3,25.9,26.4,26.8,27.1,27.3,27.5,27.8,28,28.1,28.2,28.2,28.3,28.4,28.6,28.8
Samoa,,,,,,,,,,,,,,,,,,,,,,,,,,,,,,,,,,,,,,20.4,20.6,20.4,20.1,19.8,19.5,19.1,18.8,18.7,18.7,18.7,18.5,18.4,18.5,18.5,18.6,18.7,18.9,19.1,19.1,18.9,18.9,18.9,18.5,18.5,18.8,19.1,19.4,19.7,19.9
Yemen,,,,,,,,,,,,,,,,,,,,,,,,,,,,,,,,,,,,,,10.3,10.2,10.2,10.2,10.1,10.3,10.4,10.5,10.5,10.7,10.9,11.2,11.5,11.6,11.9,12.3,12.7,13.1,13.4,13.4,13.5,13.9,14.2,14.4,14.5,14.6,14.6,14.6,14.7,14.7
South Africa,,,,,,,,,,,,,,,,,,,,,,,,,,,,,,,,,,,,,,36.5,37.5,38.4,38.7,40.1,42.1,44.3,46.6,46.4,45.2,45.7,45.5,45.2,45.2,44.6,44.8,46,46.6,47.9,49,50.1,50.8,51.4,52,53.1,53.9,53.8,53.8,51.9,50.8
Zambia,,,,,,,,,,,,,,,,,,,,,,,,,,,,,,,,,,,,,,28.9,29,28.8,28.7,28.7,28.8,29.2,29.7,30.2,30.6,31.2,31.4,31.9,32.3,32.7,32.9,33.1,33,32.9,32.9,33.3,33.6,33.6,33.5,33.6,33.7,33.8,34.6,35.3,35.8
Zimbabwe,,,,,,,,,,,,,,,,,,,,,,,,,,,,,,,,,,,,,,50.9,51.3,51.6,51.4,51.5,52.1,53.7,55.4,56.9,59.1,62.8,63.9,65.4,66,67.1,66.2,65.4,65.1,64.9,64,63.4,62.4,61.9,61.6,62,63,63.6,64.1,64.8,65.3
